Time,Speed (m/s)
0,0
10,17.88157036
39,17.88157036
40,31.29274813
69,31.29274813
70,44.7039259
99,44.7039259
100,31.29274813
129,31.29274813
130,17.88157036
159,17.88157036
160,0
170,0
