Time,Speed (m/s)
0,0
10,8.94078518
39,8.94078518
40,22.35196295
69,22.35196295
70,35.76314072
99,35.76314072
100,22.35196295
129,22.35196295
130,8.94078518
159,8.94078518
160,0
170,0